1, Bulbasaur, Bulbasaur.png2, Ivysaur, Ivysaur.png3, Venusaur, Venusaur.png4, Charmander, Charmander.png5, Charmeleon, Charmeleon.png6, Charizard, Charizard.png7, Squirtle, Squirtle.png8, Wartortle, Wartortle.png9, Blastoise, Blastoise.png10, Caterpie, Caterpie.png11, Metapod, Metapod.png12, Butterfree, Butterfree.png13, Weedle, Weedle.png14, Kakuna, Kakuna.png15, Beedrill, Beedrill.png16, Pidgey, Pidgey.png17, Pidgeotto, Pidgeotto.png18, Pidgeot, Pidgeot.png19, Rattata, Rattata.png20, Raticate, Raticate.png21, Spearow, Spearow.png22, Fearow, Fearow.png23, Ekans, Ekans.png24, Arbok, Arbok.png25, Pikachu, Pikachu.png26, Raichu, Raichu.png27, Sandshrew, Sandshrew.png28, Sandslash, Sandslash.png29, Nidoran, Nidoran.png30, Nidorina, Nidorina.png31, Nidoqueen, Nidoqueen.png32, Nidoran, Nidoran.png33, Nidorino, Nidorino.png34, Nidoking, Nidoking.png35, Clefairy, Clefairy.png36, Clefable, Clefable.png37, Vulpix, Vulpix.png38, Ninetales, Ninetales.png39, Jigglypuff, Jigglypuff.png40, Wigglytuff, Wigglytuff.png41, Zubat, Zubat.png42, Golbat, Golbat.png43, Oddish, Oddish.png44, Gloom, Gloom.png45, Vileplume, Vileplume.png46, Paras, Paras.png47, Parasect, Parasect.png48, Venonat, Venonat.png49, Venomoth, Venomoth.png50, Diglett, Diglett.png51, Dugtrio, Dugtrio.png52, Meowth, Meowth.png53, Persian, Persian.png54, Psyduck, Psyduck.png55, Golduck, Golduck.png56, Mankey, Mankey.png57, Primeape, Primeape.png58, Growlithe, Growlithe.png59, Arcanine, Arcanine.png60, Poliwag, Poliwag.png61, Poliwhirl, Poliwhirl.png62, Poliwrath, Poliwrath.png63, Abra, Abra.png64, Kadabra, Kadabra.png65, Alakazam, Alakazam.png66, Machop, Machop.png67, Machoke, Machoke.png68, Machamp, Machamp.png69, Bellsprout, Bellsprout.png70, Weepinbell, Weepinbell.png71, Victreebel, Victreebel.png72, Tentacool, Tentacool.png73, Tentacruel, Tentacruel.png74, Geodude, Geodude.png75, Graveler, Graveler.png76, Golem, Golem.png77, Ponyta, Ponyta.png78, Rapidash, Rapidash.png79, Slowpoke, Slowpoke.png80, Slowbro, Slowbro.png81, Magnemite, Magnemite.png82, Magneton, Magneton.png83, Farfetch'd, Farfetch'd.png84, Doduo, Doduo.png85, Dodrio, Dodrio.png86, Seel, Seel.png87, Dewgong, Dewgong.png88, Grimer, Grimer.png89, Muk, Muk.png90, Shellder, Shellder.png91, Cloyster, Cloyster.png92, Gastly, Gastly.png93, Haunter, Haunter.png94, Gengar, Gengar.png95, Onix, Onix.png96, Drowzee, Drowzee.png97, Hypno, Hypno.png98, Krabby, Krabby.png99, Kingler, Kingler.png100, Voltorb, Voltorb.png101, Electrode, Electrode.png102, Exeggcute, Exeggcute.png103, Exeggutor, Exeggutor.png104, Cubone, Cubone.png105, Marowak, Marowak.png106, Hitmonlee, Hitmonlee.png107, Hitmonchan, Hitmonchan.png108, Lickitung, Lickitung.png109, Koffing, Koffing.png110, Weezing, Weezing.png111, Rhyhorn, Rhyhorn.png112, Rhydon, Rhydon.png113, Chansey, Chansey.png114, Tangela, Tangela.png115, Kangaskhan, Kangaskhan.png116, Horsea, Horsea.png117, Seadra, Seadra.png118, Goldeen, Goldeen.png119, Seaking, Seaking.png120, Staryu, Staryu.png121, Starmie, Starmie.png122, Mr. Mime, Mr. Mime.png123, Scyther, Scyther.png124, Jynx, Jynx.png125, Electabuzz, Electabuzz.png126, Magmar, Magmar.png127, Pinsir, Pinsir.png128, Tauros, Tauros.png129, Magikarp, Magikarp.png130, Gyarados, Gyarados.png131, Lapras, Lapras.png132, Ditto, Ditto.png133, Eevee, Eevee.png134, Vaporeon, Vaporeon.png135, Jolteon, Jolteon.png136, Flareon, Flareon.png137, Porygon, Porygon.png138, Omanyte, Omanyte.png139, Omastar, Omastar.png140, Kabuto, Kabuto.png141, Kabutops, Kabutops.png142, Aerodactyl, Aerodactyl.png143, Snorlax, Snorlax.png144, Articuno, Articuno.png145, Zapdos, Zapdos.png146, Moltres, Moltres.png147, Dratini, Dratini.png148, Dragonair, Dragonair.png149, Dragonite, Dragonite.png150, Mewtwo, Mewtwo.png151, Mew, Mew.png